{
  "group_labels": [
    "",
    "",
    "",
    ""
  ],
  "group_counts": [
    2184,
    1817,
    1481,
    2521
  ],
  "group_percentages": [
    0.2729,
    0.22704,
    0.18506,
    0.31501
  ],
  "stats": {
    "accuracy": 0.5879,
    "precision": 0.58114,
    "recall": 0.62994,
    "f1_score": 0.60456
  }
}